,mean_WIS,time_this_iter_s,done,timesteps_total,episodes_total,training_iteration,trial_id,experiment_id,date,timestamp,time_total_s,pid,hostname,node_ip,time_since_restore,timesteps_since_restore,iterations_since_restore,warmup_time,config/cardinality,config/cell_type,config/context_length,config/epochs,config/num_cells,config/num_layers,config/use_feat_dynamic_real,config/use_feat_static_cat,config/use_feat_static_real,logdir
0,345.5727015988877,4755.356174707413,False,,,1,e65fc_00000,7b37a15c2ff2475faaac11499109bc48,2023-06-06_19-10-08,1686071408,4755.356174707413,3313546,econ-stat-rr01,172.22.1.197,4755.356174707413,0,1,0.0060465335845947,,lstm,2,200,140,6,True,False,False,"/home/reffert/ray_results/objectiveDeepAR_2023-06-06_17-50-30/objectiveDeepAR_e65fc_00000_0_cardinality=None,cell_type=lstm,context_length=2,epochs=200,num_cells=140,num_layers=6,use_feat_dyna_2023-06-06_17-50-47"
1,330.0388599235315,4575.822861671448,False,,,1,e65fc_00001,7ab7281a127441ef80c1d379850ae386,2023-06-06_19-07-18,1686071238,4575.822861671448,3313949,econ-stat-rr01,172.22.1.197,4575.822861671448,0,1,0.0194840431213378,,lstm,2,200,140,6,True,False,False,"/home/reffert/ray_results/objectiveDeepAR_2023-06-06_17-50-30/objectiveDeepAR_e65fc_00001_1_cardinality=None,cell_type=lstm,context_length=2,epochs=200,num_cells=140,num_layers=6,use_feat_dyna_2023-06-06_17-50-53"
2,310.3246567605145,4640.246976613998,False,,,1,e65fc_00002,ad85e6276a5946acbcc169cc780b713f,2023-06-06_19-08-30,1686071310,4640.246976613998,3314069,econ-stat-rr01,172.22.1.197,4640.246976613998,0,1,0.0060739517211914,,lstm,2,200,140,6,True,False,False,"/home/reffert/ray_results/objectiveDeepAR_2023-06-06_17-50-30/objectiveDeepAR_e65fc_00002_2_cardinality=None,cell_type=lstm,context_length=2,epochs=200,num_cells=140,num_layers=6,use_feat_dyna_2023-06-06_17-51-03"
3,339.89615484880085,4669.114772796631,False,,,1,e65fc_00003,d7074fd740704fdd8198f49b5e0cca84,2023-06-06_19-09-05,1686071345,4669.114772796631,3314186,econ-stat-rr01,172.22.1.197,4669.114772796631,0,1,0.0089218616485595,,lstm,2,200,140,6,True,False,False,"/home/reffert/ray_results/objectiveDeepAR_2023-06-06_17-50-30/objectiveDeepAR_e65fc_00003_3_cardinality=None,cell_type=lstm,context_length=2,epochs=200,num_cells=140,num_layers=6,use_feat_dyna_2023-06-06_17-51-09"
4,336.48182568647894,4581.725340843201,False,,,1,e65fc_00004,5042fcdbf7e54514977b28754c301cd6,2023-06-06_19-07-42,1686071262,4581.725340843201,3314304,econ-stat-rr01,172.22.1.197,4581.725340843201,0,1,0.0070803165435791,,lstm,2,200,140,6,True,False,False,"/home/reffert/ray_results/objectiveDeepAR_2023-06-06_17-50-30/objectiveDeepAR_e65fc_00004_4_cardinality=None,cell_type=lstm,context_length=2,epochs=200,num_cells=140,num_layers=6,use_feat_dyna_2023-06-06_17-51-16"
5,349.2499131039277,4523.609636306763,False,,,1,e65fc_00005,acaf83fb83ee4a228a9a180b1fc3a0b2,2023-06-06_19-06-50,1686071210,4523.609636306763,3314427,econ-stat-rr01,172.22.1.197,4523.609636306763,0,1,0.0061564445495605,,lstm,2,200,140,6,True,False,False,"/home/reffert/ray_results/objectiveDeepAR_2023-06-06_17-50-30/objectiveDeepAR_e65fc_00005_5_cardinality=None,cell_type=lstm,context_length=2,epochs=200,num_cells=140,num_layers=6,use_feat_dyna_2023-06-06_17-51-21"
6,299.14883993743484,4644.917960166931,False,,,1,e65fc_00006,3be1dd620d184cd7b9146bc8c7cf12ad,2023-06-06_19-08-51,1686071331,4644.917960166931,3314429,econ-stat-rr01,172.22.1.197,4644.917960166931,0,1,0.0070910453796386,,lstm,2,200,140,6,True,False,False,"/home/reffert/ray_results/objectiveDeepAR_2023-06-06_17-50-30/objectiveDeepAR_e65fc_00006_6_cardinality=None,cell_type=lstm,context_length=2,epochs=200,num_cells=140,num_layers=6,use_feat_dyna_2023-06-06_17-51-21"
7,341.9526503302052,4566.267508983612,False,,,1,e65fc_00007,429705627efa4576bfd5806cc0f6b623,2023-06-06_19-07-32,1686071252,4566.267508983612,3314431,econ-stat-rr01,172.22.1.197,4566.267508983612,0,1,0.0055553913116455,,lstm,2,200,140,6,True,False,False,"/home/reffert/ray_results/objectiveDeepAR_2023-06-06_17-50-30/objectiveDeepAR_e65fc_00007_7_cardinality=None,cell_type=lstm,context_length=2,epochs=200,num_cells=140,num_layers=6,use_feat_dyna_2023-06-06_17-51-21"
8,332.2392335766424,4668.881862163544,False,,,1,e65fc_00008,d2cae5bb0b4c49e5b91571fe67819802,2023-06-06_19-09-15,1686071355,4668.881862163544,3314433,econ-stat-rr01,172.22.1.197,4668.881862163544,0,1,0.0058798789978027,,lstm,2,200,140,6,True,False,False,"/home/reffert/ray_results/objectiveDeepAR_2023-06-06_17-50-30/objectiveDeepAR_e65fc_00008_8_cardinality=None,cell_type=lstm,context_length=2,epochs=200,num_cells=140,num_layers=6,use_feat_dyna_2023-06-06_17-51-21"
9,360.512556482447,4592.07216501236,False,,,1,e65fc_00009,5c0f8bbc47cc4cd29b1cf6d4075200fb,2023-06-06_19-07-59,1686071279,4592.07216501236,3314435,econ-stat-rr01,172.22.1.197,4592.07216501236,0,1,0.0067512989044189,,lstm,2,200,140,6,True,False,False,"/home/reffert/ray_results/objectiveDeepAR_2023-06-06_17-50-30/objectiveDeepAR_e65fc_00009_9_cardinality=None,cell_type=lstm,context_length=2,epochs=200,num_cells=140,num_layers=6,use_feat_dyna_2023-06-06_17-51-21"
10,312.3856317344456,4519.955722570419,False,,,1,e65fc_00010,1451b80d767149ff9ebc40053106a2fd,2023-06-06_19-06-46,1686071206,4519.955722570419,3314437,econ-stat-rr01,172.22.1.197,4519.955722570419,0,1,0.0060877799987792,,lstm,2,200,140,6,True,False,False,"/home/reffert/ray_results/objectiveDeepAR_2023-06-06_17-50-30/objectiveDeepAR_e65fc_00010_10_cardinality=None,cell_type=lstm,context_length=2,epochs=200,num_cells=140,num_layers=6,use_feat_dyn_2023-06-06_17-51-21"
11,354.0441084462982,4626.453908920288,False,,,1,e65fc_00011,39edf6961b404252afca0116b62d0c3f,2023-06-06_19-08-33,1686071313,4626.453908920288,3314439,econ-stat-rr01,172.22.1.197,4626.453908920288,0,1,0.0065169334411621,,lstm,2,200,140,6,True,False,False,"/home/reffert/ray_results/objectiveDeepAR_2023-06-06_17-50-30/objectiveDeepAR_e65fc_00011_11_cardinality=None,cell_type=lstm,context_length=2,epochs=200,num_cells=140,num_layers=6,use_feat_dyn_2023-06-06_17-51-21"
12,315.16604970455336,4347.322679519653,False,,,1,e65fc_00012,1451b80d767149ff9ebc40053106a2fd,2023-06-06_20-19-14,1686075554,4347.322679519653,3314437,econ-stat-rr01,172.22.1.197,4347.322679519653,0,1,0.0060877799987792,,lstm,2,200,140,6,True,False,False,"/home/reffert/ray_results/objectiveDeepAR_2023-06-06_17-50-30/objectiveDeepAR_e65fc_00012_12_cardinality=None,cell_type=lstm,context_length=2,epochs=200,num_cells=140,num_layers=6,use_feat_dyn_2023-06-06_19-06-46"
13,286.99495133819954,4478.00491642952,False,,,1,e65fc_00013,acaf83fb83ee4a228a9a180b1fc3a0b2,2023-06-06_20-21-28,1686075688,4478.00491642952,3314427,econ-stat-rr01,172.22.1.197,4478.00491642952,0,1,0.0061564445495605,,lstm,2,200,140,6,True,False,False,"/home/reffert/ray_results/objectiveDeepAR_2023-06-06_17-50-30/objectiveDeepAR_e65fc_00013_13_cardinality=None,cell_type=lstm,context_length=2,epochs=200,num_cells=140,num_layers=6,use_feat_dyn_2023-06-06_19-06-50"
14,333.3770333680918,4654.116569757462,False,,,1,e65fc_00014,7ab7281a127441ef80c1d379850ae386,2023-06-06_20-24-53,1686075893,4654.116569757462,3313949,econ-stat-rr01,172.22.1.197,4654.116569757462,0,1,0.0194840431213378,,lstm,2,200,140,6,True,False,False,"/home/reffert/ray_results/objectiveDeepAR_2023-06-06_17-50-30/objectiveDeepAR_e65fc_00014_14_cardinality=None,cell_type=lstm,context_length=2,epochs=200,num_cells=140,num_layers=6,use_feat_dyn_2023-06-06_19-07-19"
15,345.33375043448035,4643.635328531265,False,,,1,e65fc_00015,429705627efa4576bfd5806cc0f6b623,2023-06-06_20-24-56,1686075896,4643.635328531265,3314431,econ-stat-rr01,172.22.1.197,4643.635328531265,0,1,0.0055553913116455,,lstm,2,200,140,6,True,False,False,"/home/reffert/ray_results/objectiveDeepAR_2023-06-06_17-50-30/objectiveDeepAR_e65fc_00015_15_cardinality=None,cell_type=lstm,context_length=2,epochs=200,num_cells=140,num_layers=6,use_feat_dyn_2023-06-06_19-07-32"
16,367.9406152241919,4356.213600635529,False,,,1,e65fc_00016,5042fcdbf7e54514977b28754c301cd6,2023-06-06_20-20-19,1686075619,4356.213600635529,3314304,econ-stat-rr01,172.22.1.197,4356.213600635529,0,1,0.0070803165435791,,lstm,2,200,140,6,True,False,False,"/home/reffert/ray_results/objectiveDeepAR_2023-06-06_17-50-30/objectiveDeepAR_e65fc_00016_16_cardinality=None,cell_type=lstm,context_length=2,epochs=200,num_cells=140,num_layers=6,use_feat_dyn_2023-06-06_19-07-42"
17,360.1071037539103,4353.474894762039,False,,,1,e65fc_00017,5c0f8bbc47cc4cd29b1cf6d4075200fb,2023-06-06_20-20-32,1686075632,4353.474894762039,3314435,econ-stat-rr01,172.22.1.197,4353.474894762039,0,1,0.0067512989044189,,lstm,2,200,140,6,True,False,False,"/home/reffert/ray_results/objectiveDeepAR_2023-06-06_17-50-30/objectiveDeepAR_e65fc_00017_17_cardinality=None,cell_type=lstm,context_length=2,epochs=200,num_cells=140,num_layers=6,use_feat_dyn_2023-06-06_19-07-59"
18,321.39301790059096,4390.171947956085,False,,,1,e65fc_00018,ad85e6276a5946acbcc169cc780b713f,2023-06-06_20-21-40,1686075700,4390.171947956085,3314069,econ-stat-rr01,172.22.1.197,4390.171947956085,0,1,0.0060739517211914,,lstm,2,200,140,6,True,False,False,"/home/reffert/ray_results/objectiveDeepAR_2023-06-06_17-50-30/objectiveDeepAR_e65fc_00018_18_cardinality=None,cell_type=lstm,context_length=2,epochs=200,num_cells=140,num_layers=6,use_feat_dyn_2023-06-06_19-08-30"
19,310.5148201251304,4396.551093816757,False,,,1,e65fc_00019,39edf6961b404252afca0116b62d0c3f,2023-06-06_20-21-50,1686075710,4396.551093816757,3314439,econ-stat-rr01,172.22.1.197,4396.551093816757,0,1,0.0065169334411621,,lstm,2,200,140,6,True,False,False,"/home/reffert/ray_results/objectiveDeepAR_2023-06-06_17-50-30/objectiveDeepAR_e65fc_00019_19_cardinality=None,cell_type=lstm,context_length=2,epochs=200,num_cells=140,num_layers=6,use_feat_dyn_2023-06-06_19-08-33"
20,342.4964329162322,4327.527376651764,False,,,1,e65fc_00020,3be1dd620d184cd7b9146bc8c7cf12ad,2023-06-06_20-20-59,1686075659,4327.527376651764,3314429,econ-stat-rr01,172.22.1.197,4327.527376651764,0,1,0.0070910453796386,,lstm,2,200,140,6,True,False,False,"/home/reffert/ray_results/objectiveDeepAR_2023-06-06_17-50-30/objectiveDeepAR_e65fc_00020_20_cardinality=None,cell_type=lstm,context_length=2,epochs=200,num_cells=140,num_layers=6,use_feat_dyn_2023-06-06_19-08-51"
21,331.8593500173792,4436.140070676804,False,,,1,e65fc_00021,d7074fd740704fdd8198f49b5e0cca84,2023-06-06_20-23-01,1686075781,4436.140070676804,3314186,econ-stat-rr01,172.22.1.197,4436.140070676804,0,1,0.0089218616485595,,lstm,2,200,140,6,True,False,False,"/home/reffert/ray_results/objectiveDeepAR_2023-06-06_17-50-30/objectiveDeepAR_e65fc_00021_21_cardinality=None,cell_type=lstm,context_length=2,epochs=200,num_cells=140,num_layers=6,use_feat_dyn_2023-06-06_19-09-05"
22,318.21944734098025,4395.270228624344,False,,,1,e65fc_00022,d2cae5bb0b4c49e5b91571fe67819802,2023-06-06_20-22-31,1686075751,4395.270228624344,3314433,econ-stat-rr01,172.22.1.197,4395.270228624344,0,1,0.0058798789978027,,lstm,2,200,140,6,True,False,False,"/home/reffert/ray_results/objectiveDeepAR_2023-06-06_17-50-30/objectiveDeepAR_e65fc_00022_22_cardinality=None,cell_type=lstm,context_length=2,epochs=200,num_cells=140,num_layers=6,use_feat_dyn_2023-06-06_19-09-16"
23,312.6952033368092,4660.073216199875,False,,,1,e65fc_00023,7b37a15c2ff2475faaac11499109bc48,2023-06-06_20-27-48,1686076068,4660.073216199875,3313546,econ-stat-rr01,172.22.1.197,4660.073216199875,0,1,0.0060465335845947,,lstm,2,200,140,6,True,False,False,"/home/reffert/ray_results/objectiveDeepAR_2023-06-06_17-50-30/objectiveDeepAR_e65fc_00023_23_cardinality=None,cell_type=lstm,context_length=2,epochs=200,num_cells=140,num_layers=6,use_feat_dyn_2023-06-06_19-10-08"
24,345.0102928397637,4232.905081272125,False,,,1,e65fc_00024,1451b80d767149ff9ebc40053106a2fd,2023-06-06_21-29-47,1686079787,4232.905081272125,3314437,econ-stat-rr01,172.22.1.197,4232.905081272125,0,1,0.0060877799987792,,lstm,2,200,140,6,True,False,False,"/home/reffert/ray_results/objectiveDeepAR_2023-06-06_17-50-30/objectiveDeepAR_e65fc_00024_24_cardinality=None,cell_type=lstm,context_length=2,epochs=200,num_cells=140,num_layers=6,use_feat_dyn_2023-06-06_20-19-14"
25,313.31838286409453,4449.682596683502,False,,,1,e65fc_00025,5042fcdbf7e54514977b28754c301cd6,2023-06-06_21-34-29,1686080069,4449.682596683502,3314304,econ-stat-rr01,172.22.1.197,4449.682596683502,0,1,0.0070803165435791,,lstm,2,200,140,6,True,False,False,"/home/reffert/ray_results/objectiveDeepAR_2023-06-06_17-50-30/objectiveDeepAR_e65fc_00025_25_cardinality=None,cell_type=lstm,context_length=2,epochs=200,num_cells=140,num_layers=6,use_feat_dyn_2023-06-06_20-20-19"
26,357.53146941258257,4159.482564926148,False,,,1,e65fc_00026,5c0f8bbc47cc4cd29b1cf6d4075200fb,2023-06-06_21-29-52,1686079792,4159.482564926148,3314435,econ-stat-rr01,172.22.1.197,4159.482564926148,0,1,0.0067512989044189,,lstm,2,200,140,6,True,False,False,"/home/reffert/ray_results/objectiveDeepAR_2023-06-06_17-50-30/objectiveDeepAR_e65fc_00026_26_cardinality=None,cell_type=lstm,context_length=2,epochs=200,num_cells=140,num_layers=6,use_feat_dyn_2023-06-06_20-20-32"
27,320.4358750434481,4155.624923467636,False,,,1,e65fc_00027,3be1dd620d184cd7b9146bc8c7cf12ad,2023-06-06_21-30-15,1686079815,4155.624923467636,3314429,econ-stat-rr01,172.22.1.197,4155.624923467636,0,1,0.0070910453796386,,lstm,2,200,140,6,True,False,False,"/home/reffert/ray_results/objectiveDeepAR_2023-06-06_17-50-30/objectiveDeepAR_e65fc_00027_27_cardinality=None,cell_type=lstm,context_length=2,epochs=200,num_cells=140,num_layers=6,use_feat_dyn_2023-06-06_20-20-59"
28,311.06110966284325,4426.395651340485,False,,,1,e65fc_00028,acaf83fb83ee4a228a9a180b1fc3a0b2,2023-06-06_21-35-15,1686080115,4426.395651340485,3314427,econ-stat-rr01,172.22.1.197,4426.395651340485,0,1,0.0061564445495605,,lstm,2,200,140,6,True,False,False,"/home/reffert/ray_results/objectiveDeepAR_2023-06-06_17-50-30/objectiveDeepAR_e65fc_00028_28_cardinality=None,cell_type=lstm,context_length=2,epochs=200,num_cells=140,num_layers=6,use_feat_dyn_2023-06-06_20-21-28"
29,324.6958985053876,4435.167818307877,False,,,1,e65fc_00029,ad85e6276a5946acbcc169cc780b713f,2023-06-06_21-35-35,1686080135,4435.167818307877,3314069,econ-stat-rr01,172.22.1.197,4435.167818307877,0,1,0.0060739517211914,,lstm,2,200,140,6,True,False,False,"/home/reffert/ray_results/objectiveDeepAR_2023-06-06_17-50-30/objectiveDeepAR_e65fc_00029_29_cardinality=None,cell_type=lstm,context_length=2,epochs=200,num_cells=140,num_layers=6,use_feat_dyn_2023-06-06_20-21-40"
30,312.0196341675356,4157.2301642894745,False,,,1,e65fc_00030,39edf6961b404252afca0116b62d0c3f,2023-06-06_21-31-07,1686079867,4157.2301642894745,3314439,econ-stat-rr01,172.22.1.197,4157.2301642894745,0,1,0.0065169334411621,,lstm,2,200,140,6,True,False,False,"/home/reffert/ray_results/objectiveDeepAR_2023-06-06_17-50-30/objectiveDeepAR_e65fc_00030_30_cardinality=None,cell_type=lstm,context_length=2,epochs=200,num_cells=140,num_layers=6,use_feat_dyn_2023-06-06_20-21-50"
31,307.6920750782065,4159.459842205048,False,,,1,e65fc_00031,d2cae5bb0b4c49e5b91571fe67819802,2023-06-06_21-31-50,1686079910,4159.459842205048,3314433,econ-stat-rr01,172.22.1.197,4159.459842205048,0,1,0.0058798789978027,,lstm,2,200,140,6,True,False,False,"/home/reffert/ray_results/objectiveDeepAR_2023-06-06_17-50-30/objectiveDeepAR_e65fc_00031_31_cardinality=None,cell_type=lstm,context_length=2,epochs=200,num_cells=140,num_layers=6,use_feat_dyn_2023-06-06_20-22-31"
32,333.3879388251651,4432.4596219062805,False,,,1,e65fc_00032,d7074fd740704fdd8198f49b5e0cca84,2023-06-06_21-36-54,1686080214,4432.4596219062805,3314186,econ-stat-rr01,172.22.1.197,4432.4596219062805,0,1,0.0089218616485595,,lstm,2,200,140,6,True,False,False,"/home/reffert/ray_results/objectiveDeepAR_2023-06-06_17-50-30/objectiveDeepAR_e65fc_00032_32_cardinality=None,cell_type=lstm,context_length=2,epochs=200,num_cells=140,num_layers=6,use_feat_dyn_2023-06-06_20-23-01"
33,345.5935262426138,4149.663224697113,False,,,1,e65fc_00033,7ab7281a127441ef80c1d379850ae386,2023-06-06_21-34-03,1686080043,4149.663224697113,3313949,econ-stat-rr01,172.22.1.197,4149.663224697113,0,1,0.0194840431213378,,lstm,2,200,140,6,True,False,False,"/home/reffert/ray_results/objectiveDeepAR_2023-06-06_17-50-30/objectiveDeepAR_e65fc_00033_33_cardinality=None,cell_type=lstm,context_length=2,epochs=200,num_cells=140,num_layers=6,use_feat_dyn_2023-06-06_20-24-53"
34,345.1431308654849,4099.574852705002,False,,,1,e65fc_00034,429705627efa4576bfd5806cc0f6b623,2023-06-06_21-33-16,1686079996,4099.574852705002,3314431,econ-stat-rr01,172.22.1.197,4099.574852705002,0,1,0.0055553913116455,,lstm,2,200,140,6,True,False,False,"/home/reffert/ray_results/objectiveDeepAR_2023-06-06_17-50-30/objectiveDeepAR_e65fc_00034_34_cardinality=None,cell_type=lstm,context_length=2,epochs=200,num_cells=140,num_layers=6,use_feat_dyn_2023-06-06_20-24-56"
35,326.95825512686827,4204.554772615433,False,,,1,e65fc_00035,7b37a15c2ff2475faaac11499109bc48,2023-06-06_21-37-53,1686080273,4204.554772615433,3313546,econ-stat-rr01,172.22.1.197,4204.554772615433,0,1,0.0060465335845947,,lstm,2,200,140,6,True,False,False,"/home/reffert/ray_results/objectiveDeepAR_2023-06-06_17-50-30/objectiveDeepAR_e65fc_00035_35_cardinality=None,cell_type=lstm,context_length=2,epochs=200,num_cells=140,num_layers=6,use_feat_dyn_2023-06-06_20-27-48"
36,307.31372957942307,4365.36168217659,False,,,1,e65fc_00036,1451b80d767149ff9ebc40053106a2fd,2023-06-06_22-42-32,1686084152,4365.36168217659,3314437,econ-stat-rr01,172.22.1.197,4365.36168217659,0,1,0.0060877799987792,,lstm,2,200,140,6,True,False,False,"/home/reffert/ray_results/objectiveDeepAR_2023-06-06_17-50-30/objectiveDeepAR_e65fc_00036_36_cardinality=None,cell_type=lstm,context_length=2,epochs=200,num_cells=140,num_layers=6,use_feat_dyn_2023-06-06_21-29-47"
37,347.85232446993393,4381.0445392131805,False,,,1,e65fc_00037,5c0f8bbc47cc4cd29b1cf6d4075200fb,2023-06-06_22-42-53,1686084173,4381.0445392131805,3314435,econ-stat-rr01,172.22.1.197,4381.0445392131805,0,1,0.0067512989044189,,lstm,2,200,140,6,True,False,False,"/home/reffert/ray_results/objectiveDeepAR_2023-06-06_17-50-30/objectiveDeepAR_e65fc_00037_37_cardinality=None,cell_type=lstm,context_length=2,epochs=200,num_cells=140,num_layers=6,use_feat_dyn_2023-06-06_21-29-52"
38,342.46764859228364,4387.292107105255,False,,,1,e65fc_00038,3be1dd620d184cd7b9146bc8c7cf12ad,2023-06-06_22-43-22,1686084202,4387.292107105255,3314429,econ-stat-rr01,172.22.1.197,4387.292107105255,0,1,0.0070910453796386,,lstm,2,200,140,6,True,False,False,"/home/reffert/ray_results/objectiveDeepAR_2023-06-06_17-50-30/objectiveDeepAR_e65fc_00038_38_cardinality=None,cell_type=lstm,context_length=2,epochs=200,num_cells=140,num_layers=6,use_feat_dyn_2023-06-06_21-30-15"
39,329.4373131734446,4389.244950056076,False,,,1,e65fc_00039,39edf6961b404252afca0116b62d0c3f,2023-06-06_22-44-17,1686084257,4389.244950056076,3314439,econ-stat-rr01,172.22.1.197,4389.244950056076,0,1,0.0065169334411621,,lstm,2,200,140,6,True,False,False,"/home/reffert/ray_results/objectiveDeepAR_2023-06-06_17-50-30/objectiveDeepAR_e65fc_00039_39_cardinality=None,cell_type=lstm,context_length=2,epochs=200,num_cells=140,num_layers=6,use_feat_dyn_2023-06-06_21-31-07"
40,325.12828467153287,4356.962379932404,False,,,1,e65fc_00040,d2cae5bb0b4c49e5b91571fe67819802,2023-06-06_22-44-28,1686084268,4356.962379932404,3314433,econ-stat-rr01,172.22.1.197,4356.962379932404,0,1,0.0058798789978027,,lstm,2,200,140,6,True,False,False,"/home/reffert/ray_results/objectiveDeepAR_2023-06-06_17-50-30/objectiveDeepAR_e65fc_00040_40_cardinality=None,cell_type=lstm,context_length=2,epochs=200,num_cells=140,num_layers=6,use_feat_dyn_2023-06-06_21-31-51"
41,314.70572210636084,4369.853760004044,False,,,1,e65fc_00041,429705627efa4576bfd5806cc0f6b623,2023-06-06_22-46-06,1686084366,4369.853760004044,3314431,econ-stat-rr01,172.22.1.197,4369.853760004044,0,1,0.0055553913116455,,lstm,2,200,140,6,True,False,False,"/home/reffert/ray_results/objectiveDeepAR_2023-06-06_17-50-30/objectiveDeepAR_e65fc_00041_41_cardinality=None,cell_type=lstm,context_length=2,epochs=200,num_cells=140,num_layers=6,use_feat_dyn_2023-06-06_21-33-16"
42,334.5002911018422,4389.321465015411,False,,,1,e65fc_00042,7ab7281a127441ef80c1d379850ae386,2023-06-06_22-47-12,1686084432,4389.321465015411,3313949,econ-stat-rr01,172.22.1.197,4389.321465015411,0,1,0.0194840431213378,,lstm,2,200,140,6,True,False,False,"/home/reffert/ray_results/objectiveDeepAR_2023-06-06_17-50-30/objectiveDeepAR_e65fc_00042_42_cardinality=None,cell_type=lstm,context_length=2,epochs=200,num_cells=140,num_layers=6,use_feat_dyn_2023-06-06_21-34-03"
43,340.55164668057006,4388.22624206543,False,,,1,e65fc_00043,5042fcdbf7e54514977b28754c301cd6,2023-06-06_22-47-37,1686084457,4388.22624206543,3314304,econ-stat-rr01,172.22.1.197,4388.22624206543,0,1,0.0070803165435791,,lstm,2,200,140,6,True,False,False,"/home/reffert/ray_results/objectiveDeepAR_2023-06-06_17-50-30/objectiveDeepAR_e65fc_00043_43_cardinality=None,cell_type=lstm,context_length=2,epochs=200,num_cells=140,num_layers=6,use_feat_dyn_2023-06-06_21-34-29"
44,335.10107316649294,4565.4006979465485,False,,,1,e65fc_00044,acaf83fb83ee4a228a9a180b1fc3a0b2,2023-06-06_22-51-20,1686084680,4565.4006979465485,3314427,econ-stat-rr01,172.22.1.197,4565.4006979465485,0,1,0.0061564445495605,,lstm,2,200,140,6,True,False,False,"/home/reffert/ray_results/objectiveDeepAR_2023-06-06_17-50-30/objectiveDeepAR_e65fc_00044_44_cardinality=None,cell_type=lstm,context_length=2,epochs=200,num_cells=140,num_layers=6,use_feat_dyn_2023-06-06_21-35-15"
45,438.6044490789016,4425.257564783096,False,,,1,e65fc_00045,ad85e6276a5946acbcc169cc780b713f,2023-06-06_22-49-21,1686084561,4425.257564783096,3314069,econ-stat-rr01,172.22.1.197,4425.257564783096,0,1,0.0060739517211914,,lstm,2,200,140,6,True,False,False,"/home/reffert/ray_results/objectiveDeepAR_2023-06-06_17-50-30/objectiveDeepAR_e65fc_00045_45_cardinality=None,cell_type=lstm,context_length=2,epochs=200,num_cells=140,num_layers=6,use_feat_dyn_2023-06-06_21-35-35"
46,336.1598279457769,4373.908281326294,False,,,1,e65fc_00046,d7074fd740704fdd8198f49b5e0cca84,2023-06-06_22-49-48,1686084588,4373.908281326294,3314186,econ-stat-rr01,172.22.1.197,4373.908281326294,0,1,0.0089218616485595,,lstm,2,200,140,6,True,False,False,"/home/reffert/ray_results/objectiveDeepAR_2023-06-06_17-50-30/objectiveDeepAR_e65fc_00046_46_cardinality=None,cell_type=lstm,context_length=2,epochs=200,num_cells=140,num_layers=6,use_feat_dyn_2023-06-06_21-36-54"
47,315.0389946124435,4268.000416517258,False,,,1,e65fc_00047,7b37a15c2ff2475faaac11499109bc48,2023-06-06_22-49-01,1686084541,4268.000416517258,3313546,econ-stat-rr01,172.22.1.197,4268.000416517258,0,1,0.0060465335845947,,lstm,2,200,140,6,True,False,False,"/home/reffert/ray_results/objectiveDeepAR_2023-06-06_17-50-30/objectiveDeepAR_e65fc_00047_47_cardinality=None,cell_type=lstm,context_length=2,epochs=200,num_cells=140,num_layers=6,use_feat_dyn_2023-06-06_21-37-53"
48,316.4210983663539,4385.427045106888,False,,,1,e65fc_00048,1451b80d767149ff9ebc40053106a2fd,2023-06-06_23-55-38,1686088538,4385.427045106888,3314437,econ-stat-rr01,172.22.1.197,4385.427045106888,0,1,0.0060877799987792,,lstm,2,200,140,6,True,False,False,"/home/reffert/ray_results/objectiveDeepAR_2023-06-06_17-50-30/objectiveDeepAR_e65fc_00048_48_cardinality=None,cell_type=lstm,context_length=2,epochs=200,num_cells=140,num_layers=6,use_feat_dyn_2023-06-06_22-42-32"
49,388.121028849496,4362.632485866547,False,,,1,e65fc_00049,5c0f8bbc47cc4cd29b1cf6d4075200fb,2023-06-06_23-55-36,1686088536,4362.632485866547,3314435,econ-stat-rr01,172.22.1.197,4362.632485866547,0,1,0.0067512989044189,,lstm,2,200,140,6,True,False,False,"/home/reffert/ray_results/objectiveDeepAR_2023-06-06_17-50-30/objectiveDeepAR_e65fc_00049_49_cardinality=None,cell_type=lstm,context_length=2,epochs=200,num_cells=140,num_layers=6,use_feat_dyn_2023-06-06_22-42-53"
50,350.7959680222454,4381.759505987167,False,,,1,e65fc_00050,3be1dd620d184cd7b9146bc8c7cf12ad,2023-06-06_23-56-24,1686088584,4381.759505987167,3314429,econ-stat-rr01,172.22.1.197,4381.759505987167,0,1,0.0070910453796386,,lstm,2,200,140,6,True,False,False,"/home/reffert/ray_results/objectiveDeepAR_2023-06-06_17-50-30/objectiveDeepAR_e65fc_00050_50_cardinality=None,cell_type=lstm,context_length=2,epochs=200,num_cells=140,num_layers=6,use_feat_dyn_2023-06-06_22-43-22"
51,322.5202120264164,4388.380481481552,False,,,1,e65fc_00051,39edf6961b404252afca0116b62d0c3f,2023-06-06_23-57-25,1686088645,4388.380481481552,3314439,econ-stat-rr01,172.22.1.197,4388.380481481552,0,1,0.0065169334411621,,lstm,2,200,140,6,True,False,False,"/home/reffert/ray_results/objectiveDeepAR_2023-06-06_17-50-30/objectiveDeepAR_e65fc_00051_51_cardinality=None,cell_type=lstm,context_length=2,epochs=200,num_cells=140,num_layers=6,use_feat_dyn_2023-06-06_22-44-17"
52,320.53873826903026,4353.912446975708,False,,,1,e65fc_00052,d2cae5bb0b4c49e5b91571fe67819802,2023-06-06_23-57-02,1686088622,4353.912446975708,3314433,econ-stat-rr01,172.22.1.197,4353.912446975708,0,1,0.0058798789978027,,lstm,2,200,140,6,True,False,False,"/home/reffert/ray_results/objectiveDeepAR_2023-06-06_17-50-30/objectiveDeepAR_e65fc_00052_52_cardinality=None,cell_type=lstm,context_length=2,epochs=200,num_cells=140,num_layers=6,use_feat_dyn_2023-06-06_22-44-28"
53,306.2215328467153,4356.086243867874,False,,,1,e65fc_00053,429705627efa4576bfd5806cc0f6b623,2023-06-06_23-58-42,1686088722,4356.086243867874,3314431,econ-stat-rr01,172.22.1.197,4356.086243867874,0,1,0.0055553913116455,,lstm,2,200,140,6,True,False,False,"/home/reffert/ray_results/objectiveDeepAR_2023-06-06_17-50-30/objectiveDeepAR_e65fc_00053_53_cardinality=None,cell_type=lstm,context_length=2,epochs=200,num_cells=140,num_layers=6,use_feat_dyn_2023-06-06_22-46-06"
54,331.2485618700034,4239.149841547012,False,,,1,e65fc_00054,7ab7281a127441ef80c1d379850ae386,2023-06-06_23-57-51,1686088671,4239.149841547012,3313949,econ-stat-rr01,172.22.1.197,4239.149841547012,0,1,0.0194840431213378,,lstm,2,200,140,6,True,False,False,"/home/reffert/ray_results/objectiveDeepAR_2023-06-06_17-50-30/objectiveDeepAR_e65fc_00054_54_cardinality=None,cell_type=lstm,context_length=2,epochs=200,num_cells=140,num_layers=6,use_feat_dyn_2023-06-06_22-47-12"
55,330.02226711852626,4385.850215673447,False,,,1,e65fc_00055,5042fcdbf7e54514977b28754c301cd6,2023-06-07_00-00-43,1686088843,4385.850215673447,3314304,econ-stat-rr01,172.22.1.197,4385.850215673447,0,1,0.0070803165435791,,lstm,2,200,140,6,True,False,False,"/home/reffert/ray_results/objectiveDeepAR_2023-06-06_17-50-30/objectiveDeepAR_e65fc_00055_55_cardinality=None,cell_type=lstm,context_length=2,epochs=200,num_cells=140,num_layers=6,use_feat_dyn_2023-06-06_22-47-37"
56,343.5662582551269,4387.738060712814,False,,,1,e65fc_00056,7b37a15c2ff2475faaac11499109bc48,2023-06-07_00-02-09,1686088929,4387.738060712814,3313546,econ-stat-rr01,172.22.1.197,4387.738060712814,0,1,0.0060465335845947,,lstm,2,200,140,6,True,False,False,"/home/reffert/ray_results/objectiveDeepAR_2023-06-06_17-50-30/objectiveDeepAR_e65fc_00056_56_cardinality=None,cell_type=lstm,context_length=2,epochs=200,num_cells=140,num_layers=6,use_feat_dyn_2023-06-06_22-49-01"
57,382.0755865484881,4407.703877210617,False,,,1,e65fc_00057,ad85e6276a5946acbcc169cc780b713f,2023-06-07_00-02-48,1686088968,4407.703877210617,3314069,econ-stat-rr01,172.22.1.197,4407.703877210617,0,1,0.0060739517211914,,lstm,2,200,140,6,True,False,False,"/home/reffert/ray_results/objectiveDeepAR_2023-06-06_17-50-30/objectiveDeepAR_e65fc_00057_57_cardinality=None,cell_type=lstm,context_length=2,epochs=200,num_cells=140,num_layers=6,use_feat_dyn_2023-06-06_22-49-21"
58,334.1473974626348,4171.909999370575,False,,,1,e65fc_00058,d7074fd740704fdd8198f49b5e0cca84,2023-06-06_23-59-20,1686088760,4171.909999370575,3314186,econ-stat-rr01,172.22.1.197,4171.909999370575,0,1,0.0089218616485595,,lstm,2,200,140,6,True,False,False,"/home/reffert/ray_results/objectiveDeepAR_2023-06-06_17-50-30/objectiveDeepAR_e65fc_00058_58_cardinality=None,cell_type=lstm,context_length=2,epochs=200,num_cells=140,num_layers=6,use_feat_dyn_2023-06-06_22-49-48"
59,364.4934827945777,4441.255486011505,False,,,1,e65fc_00059,acaf83fb83ee4a228a9a180b1fc3a0b2,2023-06-07_00-05-22,1686089122,4441.255486011505,3314427,econ-stat-rr01,172.22.1.197,4441.255486011505,0,1,0.0061564445495605,,lstm,2,200,140,6,True,False,False,"/home/reffert/ray_results/objectiveDeepAR_2023-06-06_17-50-30/objectiveDeepAR_e65fc_00059_59_cardinality=None,cell_type=lstm,context_length=2,epochs=200,num_cells=140,num_layers=6,use_feat_dyn_2023-06-06_22-51-21"
60,360.0887252346194,4403.3764815330505,False,,,1,e65fc_00060,5c0f8bbc47cc4cd29b1cf6d4075200fb,2023-06-07_01-08-59,1686092939,4403.3764815330505,3314435,econ-stat-rr01,172.22.1.197,4403.3764815330505,0,1,0.0067512989044189,,lstm,2,200,140,6,True,False,False,"/home/reffert/ray_results/objectiveDeepAR_2023-06-06_17-50-30/objectiveDeepAR_e65fc_00060_60_cardinality=None,cell_type=lstm,context_length=2,epochs=200,num_cells=140,num_layers=6,use_feat_dyn_2023-06-06_23-55-36"
61,380.276929092805,4387.376439809799,False,,,1,e65fc_00061,1451b80d767149ff9ebc40053106a2fd,2023-06-07_01-08-45,1686092925,4387.376439809799,3314437,econ-stat-rr01,172.22.1.197,4387.376439809799,0,1,0.0060877799987792,,lstm,2,200,140,6,True,False,False,"/home/reffert/ray_results/objectiveDeepAR_2023-06-06_17-50-30/objectiveDeepAR_e65fc_00061_61_cardinality=None,cell_type=lstm,context_length=2,epochs=200,num_cells=140,num_layers=6,use_feat_dyn_2023-06-06_23-55-38"
62,335.7409541188738,4508.885880231857,False,,,1,e65fc_00062,3be1dd620d184cd7b9146bc8c7cf12ad,2023-06-07_01-11-33,1686093093,4508.885880231857,3314429,econ-stat-rr01,172.22.1.197,4508.885880231857,0,1,0.0070910453796386,,lstm,2,200,140,6,True,False,False,"/home/reffert/ray_results/objectiveDeepAR_2023-06-06_17-50-30/objectiveDeepAR_e65fc_00062_62_cardinality=None,cell_type=lstm,context_length=2,epochs=200,num_cells=140,num_layers=6,use_feat_dyn_2023-06-06_23-56-24"
63,333.4181352102885,4439.296271562576,False,,,1,e65fc_00063,d2cae5bb0b4c49e5b91571fe67819802,2023-06-07_01-11-01,1686093061,4439.296271562576,3314433,econ-stat-rr01,172.22.1.197,4439.296271562576,0,1,0.0058798789978027,,lstm,2,200,140,6,True,False,False,"/home/reffert/ray_results/objectiveDeepAR_2023-06-06_17-50-30/objectiveDeepAR_e65fc_00063_63_cardinality=None,cell_type=lstm,context_length=2,epochs=200,num_cells=140,num_layers=6,use_feat_dyn_2023-06-06_23-57-02"
64,363.9987443517553,4123.993196487427,False,,,1,e65fc_00064,39edf6961b404252afca0116b62d0c3f,2023-06-07_01-06-09,1686092769,4123.993196487427,3314439,econ-stat-rr01,172.22.1.197,4123.993196487427,0,1,0.0065169334411621,,lstm,2,200,140,6,True,False,False,"/home/reffert/ray_results/objectiveDeepAR_2023-06-06_17-50-30/objectiveDeepAR_e65fc_00064_64_cardinality=None,cell_type=lstm,context_length=2,epochs=200,num_cells=140,num_layers=6,use_feat_dyn_2023-06-06_23-57-25"
65,338.35039537712896,4399.435231208801,False,,,1,e65fc_00065,7ab7281a127441ef80c1d379850ae386,2023-06-07_01-11-11,1686093071,4399.435231208801,3313949,econ-stat-rr01,172.22.1.197,4399.435231208801,0,1,0.0194840431213378,,lstm,2,200,140,6,True,False,False,"/home/reffert/ray_results/objectiveDeepAR_2023-06-06_17-50-30/objectiveDeepAR_e65fc_00065_65_cardinality=None,cell_type=lstm,context_length=2,epochs=200,num_cells=140,num_layers=6,use_feat_dyn_2023-06-06_23-57-52"
66,338.4333420229405,4383.641002655029,False,,,1,e65fc_00066,429705627efa4576bfd5806cc0f6b623,2023-06-07_01-11-46,1686093106,4383.641002655029,3314431,econ-stat-rr01,172.22.1.197,4383.641002655029,0,1,0.0055553913116455,,lstm,2,200,140,6,True,False,False,"/home/reffert/ray_results/objectiveDeepAR_2023-06-06_17-50-30/objectiveDeepAR_e65fc_00066_66_cardinality=None,cell_type=lstm,context_length=2,epochs=200,num_cells=140,num_layers=6,use_feat_dyn_2023-06-06_23-58-42"
67,318.08646159193603,4352.078456163406,False,,,1,e65fc_00067,d7074fd740704fdd8198f49b5e0cca84,2023-06-07_01-11-52,1686093112,4352.078456163406,3314186,econ-stat-rr01,172.22.1.197,4352.078456163406,0,1,0.0089218616485595,,lstm,2,200,140,6,True,False,False,"/home/reffert/ray_results/objectiveDeepAR_2023-06-06_17-50-30/objectiveDeepAR_e65fc_00067_67_cardinality=None,cell_type=lstm,context_length=2,epochs=200,num_cells=140,num_layers=6,use_feat_dyn_2023-06-06_23-59-20"
68,285.59411713590544,4145.4556176662445,False,,,1,e65fc_00068,5042fcdbf7e54514977b28754c301cd6,2023-06-07_01-09-49,1686092989,4145.4556176662445,3314304,econ-stat-rr01,172.22.1.197,4145.4556176662445,0,1,0.0070803165435791,,lstm,2,200,140,6,True,False,False,"/home/reffert/ray_results/objectiveDeepAR_2023-06-06_17-50-30/objectiveDeepAR_e65fc_00068_68_cardinality=None,cell_type=lstm,context_length=2,epochs=200,num_cells=140,num_layers=6,use_feat_dyn_2023-06-07_00-00-43"
69,326.39312217587764,4397.534850120544,False,,,1,e65fc_00069,7b37a15c2ff2475faaac11499109bc48,2023-06-07_01-15-27,1686093327,4397.534850120544,3313546,econ-stat-rr01,172.22.1.197,4397.534850120544,0,1,0.0060465335845947,,lstm,2,200,140,6,True,False,False,"/home/reffert/ray_results/objectiveDeepAR_2023-06-06_17-50-30/objectiveDeepAR_e65fc_00069_69_cardinality=None,cell_type=lstm,context_length=2,epochs=200,num_cells=140,num_layers=6,use_feat_dyn_2023-06-07_00-02-09"
70,301.5204379562044,4392.495846986771,False,,,1,e65fc_00070,ad85e6276a5946acbcc169cc780b713f,2023-06-07_01-16-01,1686093361,4392.495846986771,3314069,econ-stat-rr01,172.22.1.197,4392.495846986771,0,1,0.0060739517211914,,lstm,2,200,140,6,True,False,False,"/home/reffert/ray_results/objectiveDeepAR_2023-06-06_17-50-30/objectiveDeepAR_e65fc_00070_70_cardinality=None,cell_type=lstm,context_length=2,epochs=200,num_cells=140,num_layers=6,use_feat_dyn_2023-06-07_00-02-49"
71,328.8453814737574,4458.223525285721,False,,,1,e65fc_00071,acaf83fb83ee4a228a9a180b1fc3a0b2,2023-06-07_01-19-40,1686093580,4458.223525285721,3314427,econ-stat-rr01,172.22.1.197,4458.223525285721,0,1,0.0061564445495605,,lstm,2,200,140,6,True,False,False,"/home/reffert/ray_results/objectiveDeepAR_2023-06-06_17-50-30/objectiveDeepAR_e65fc_00071_71_cardinality=None,cell_type=lstm,context_length=2,epochs=200,num_cells=140,num_layers=6,use_feat_dyn_2023-06-07_00-05-22"
72,343.76546315606544,4413.928343772888,False,,,1,e65fc_00072,39edf6961b404252afca0116b62d0c3f,2023-06-07_02-19-43,1686097183,4413.928343772888,3314439,econ-stat-rr01,172.22.1.197,4413.928343772888,0,1,0.0065169334411621,,lstm,2,200,140,6,True,False,False,"/home/reffert/ray_results/objectiveDeepAR_2023-06-06_17-50-30/objectiveDeepAR_e65fc_00072_72_cardinality=None,cell_type=lstm,context_length=2,epochs=200,num_cells=140,num_layers=6,use_feat_dyn_2023-06-07_01-06-10"
73,270.9896593673966,4156.145370960236,False,,,1,e65fc_00073,1451b80d767149ff9ebc40053106a2fd,2023-06-07_02-18-02,1686097082,4156.145370960236,3314437,econ-stat-rr01,172.22.1.197,4156.145370960236,0,1,0.0060877799987792,,lstm,2,200,140,6,True,False,False,"/home/reffert/ray_results/objectiveDeepAR_2023-06-06_17-50-30/objectiveDeepAR_e65fc_00073_73_cardinality=None,cell_type=lstm,context_length=2,epochs=200,num_cells=140,num_layers=6,use_feat_dyn_2023-06-07_01-08-46"
74,331.9988746958638,4436.399475097656,False,,,1,e65fc_00074,5c0f8bbc47cc4cd29b1cf6d4075200fb,2023-06-07_02-22-56,1686097376,4436.399475097656,3314435,econ-stat-rr01,172.22.1.197,4436.399475097656,0,1,0.0067512989044189,,lstm,2,200,140,6,True,False,False,"/home/reffert/ray_results/objectiveDeepAR_2023-06-06_17-50-30/objectiveDeepAR_e65fc_00074_74_cardinality=None,cell_type=lstm,context_length=2,epochs=200,num_cells=140,num_layers=6,use_feat_dyn_2023-06-07_01-09-00"
75,296.0182438303789,4204.418987035751,False,,,1,e65fc_00075,5042fcdbf7e54514977b28754c301cd6,2023-06-07_02-19-53,1686097193,4204.418987035751,3314304,econ-stat-rr01,172.22.1.197,4204.418987035751,0,1,0.0070803165435791,,lstm,2,200,140,6,True,False,False,"/home/reffert/ray_results/objectiveDeepAR_2023-06-06_17-50-30/objectiveDeepAR_e65fc_00075_75_cardinality=None,cell_type=lstm,context_length=2,epochs=200,num_cells=140,num_layers=6,use_feat_dyn_2023-06-07_01-09-49"
76,352.3341501564129,4375.887032985687,False,,,1,e65fc_00076,d2cae5bb0b4c49e5b91571fe67819802,2023-06-07_02-23-57,1686097437,4375.887032985687,3314433,econ-stat-rr01,172.22.1.197,4375.887032985687,0,1,0.0058798789978027,,lstm,2,200,140,6,True,False,False,"/home/reffert/ray_results/objectiveDeepAR_2023-06-06_17-50-30/objectiveDeepAR_e65fc_00076_76_cardinality=None,cell_type=lstm,context_length=2,epochs=200,num_cells=140,num_layers=6,use_feat_dyn_2023-06-07_01-11-01"
77,355.7915363225582,4448.630884408951,False,,,1,e65fc_00077,7ab7281a127441ef80c1d379850ae386,2023-06-07_02-25-20,1686097520,4448.630884408951,3313949,econ-stat-rr01,172.22.1.197,4448.630884408951,0,1,0.0194840431213378,,lstm,2,200,140,6,True,False,False,"/home/reffert/ray_results/objectiveDeepAR_2023-06-06_17-50-30/objectiveDeepAR_e65fc_00077_77_cardinality=None,cell_type=lstm,context_length=2,epochs=200,num_cells=140,num_layers=6,use_feat_dyn_2023-06-07_01-11-11"
78,343.98975929787974,4386.536592006683,False,,,1,e65fc_00078,3be1dd620d184cd7b9146bc8c7cf12ad,2023-06-07_02-24-40,1686097480,4386.536592006683,3314429,econ-stat-rr01,172.22.1.197,4386.536592006683,0,1,0.0070910453796386,,lstm,2,200,140,6,True,False,False,"/home/reffert/ray_results/objectiveDeepAR_2023-06-06_17-50-30/objectiveDeepAR_e65fc_00078_78_cardinality=None,cell_type=lstm,context_length=2,epochs=200,num_cells=140,num_layers=6,use_feat_dyn_2023-06-07_01-11-33"
79,307.0707247132429,4392.489194154739,False,,,1,e65fc_00079,429705627efa4576bfd5806cc0f6b623,2023-06-07_02-24-59,1686097499,4392.489194154739,3314431,econ-stat-rr01,172.22.1.197,4392.489194154739,0,1,0.0055553913116455,,lstm,2,200,140,6,True,False,False,"/home/reffert/ray_results/objectiveDeepAR_2023-06-06_17-50-30/objectiveDeepAR_e65fc_00079_79_cardinality=None,cell_type=lstm,context_length=2,epochs=200,num_cells=140,num_layers=6,use_feat_dyn_2023-06-07_01-11-46"
80,332.4566692735488,4389.149183273315,False,,,1,e65fc_00080,d7074fd740704fdd8198f49b5e0cca84,2023-06-07_02-25-01,1686097501,4389.149183273315,3314186,econ-stat-rr01,172.22.1.197,4389.149183273315,0,1,0.0089218616485595,,lstm,2,200,140,6,True,False,False,"/home/reffert/ray_results/objectiveDeepAR_2023-06-06_17-50-30/objectiveDeepAR_e65fc_00080_80_cardinality=None,cell_type=lstm,context_length=2,epochs=200,num_cells=140,num_layers=6,use_feat_dyn_2023-06-07_01-11-52"
81,311.0581638859924,4395.837544441223,False,,,1,e65fc_00081,7b37a15c2ff2475faaac11499109bc48,2023-06-07_02-28-43,1686097723,4395.837544441223,3313546,econ-stat-rr01,172.22.1.197,4395.837544441223,0,1,0.0060465335845947,,lstm,2,200,140,6,True,False,False,"/home/reffert/ray_results/objectiveDeepAR_2023-06-06_17-50-30/objectiveDeepAR_e65fc_00081_81_cardinality=None,cell_type=lstm,context_length=2,epochs=200,num_cells=140,num_layers=6,use_feat_dyn_2023-06-07_01-15-27"
82,363.03928571428577,4241.030561208725,False,,,1,e65fc_00082,ad85e6276a5946acbcc169cc780b713f,2023-06-07_02-26-42,1686097602,4241.030561208725,3314069,econ-stat-rr01,172.22.1.197,4241.030561208725,0,1,0.0060739517211914,,lstm,2,200,140,6,True,False,False,"/home/reffert/ray_results/objectiveDeepAR_2023-06-06_17-50-30/objectiveDeepAR_e65fc_00082_82_cardinality=None,cell_type=lstm,context_length=2,epochs=200,num_cells=140,num_layers=6,use_feat_dyn_2023-06-07_01-16-01"
83,324.9994438651373,4486.899247646332,False,,,1,e65fc_00083,acaf83fb83ee4a228a9a180b1fc3a0b2,2023-06-07_02-34-27,1686098067,4486.899247646332,3314427,econ-stat-rr01,172.22.1.197,4486.899247646332,0,1,0.0061564445495605,,lstm,2,200,140,6,True,False,False,"/home/reffert/ray_results/objectiveDeepAR_2023-06-06_17-50-30/objectiveDeepAR_e65fc_00083_83_cardinality=None,cell_type=lstm,context_length=2,epochs=200,num_cells=140,num_layers=6,use_feat_dyn_2023-06-07_01-19-40"
84,331.1956247827598,4376.725045204163,False,,,1,e65fc_00084,1451b80d767149ff9ebc40053106a2fd,2023-06-07_03-30-59,1686101459,4376.725045204163,3314437,econ-stat-rr01,172.22.1.197,4376.725045204163,0,1,0.0060877799987792,,lstm,2,200,140,6,True,False,False,"/home/reffert/ray_results/objectiveDeepAR_2023-06-06_17-50-30/objectiveDeepAR_e65fc_00084_84_cardinality=None,cell_type=lstm,context_length=2,epochs=200,num_cells=140,num_layers=6,use_feat_dyn_2023-06-07_02-18-02"
85,358.9981100104275,4407.754528045654,False,,,1,e65fc_00085,39edf6961b404252afca0116b62d0c3f,2023-06-07_03-33-12,1686101592,4407.754528045654,3314439,econ-stat-rr01,172.22.1.197,4407.754528045654,0,1,0.0065169334411621,,lstm,2,200,140,6,True,False,False,"/home/reffert/ray_results/objectiveDeepAR_2023-06-06_17-50-30/objectiveDeepAR_e65fc_00085_85_cardinality=None,cell_type=lstm,context_length=2,epochs=200,num_cells=140,num_layers=6,use_feat_dyn_2023-06-07_02-19-44"
86,342.08127824122346,4391.083702802658,False,,,1,e65fc_00086,5042fcdbf7e54514977b28754c301cd6,2023-06-07_03-33-05,1686101585,4391.083702802658,3314304,econ-stat-rr01,172.22.1.197,4391.083702802658,0,1,0.0070803165435791,,lstm,2,200,140,6,True,False,False,"/home/reffert/ray_results/objectiveDeepAR_2023-06-06_17-50-30/objectiveDeepAR_e65fc_00086_86_cardinality=None,cell_type=lstm,context_length=2,epochs=200,num_cells=140,num_layers=6,use_feat_dyn_2023-06-07_02-19-54"
87,359.63405457073344,4241.706773996353,False,,,1,e65fc_00087,5c0f8bbc47cc4cd29b1cf6d4075200fb,2023-06-07_03-33-38,1686101618,4241.706773996353,3314435,econ-stat-rr01,172.22.1.197,4241.706773996353,0,1,0.0067512989044189,,lstm,2,200,140,6,True,False,False,"/home/reffert/ray_results/objectiveDeepAR_2023-06-06_17-50-30/objectiveDeepAR_e65fc_00087_87_cardinality=None,cell_type=lstm,context_length=2,epochs=200,num_cells=140,num_layers=6,use_feat_dyn_2023-06-07_02-22-56"
88,319.1754648939868,4392.432826280594,False,,,1,e65fc_00088,d2cae5bb0b4c49e5b91571fe67819802,2023-06-07_03-37-10,1686101830,4392.432826280594,3314433,econ-stat-rr01,172.22.1.197,4392.432826280594,0,1,0.0058798789978027,,lstm,2,200,140,6,True,False,False,"/home/reffert/ray_results/objectiveDeepAR_2023-06-06_17-50-30/objectiveDeepAR_e65fc_00088_88_cardinality=None,cell_type=lstm,context_length=2,epochs=200,num_cells=140,num_layers=6,use_feat_dyn_2023-06-07_02-23-58"
89,328.954027632951,4332.171375751495,False,,,1,e65fc_00089,3be1dd620d184cd7b9146bc8c7cf12ad,2023-06-07_03-36-52,1686101812,4332.171375751495,3314429,econ-stat-rr01,172.22.1.197,4332.171375751495,0,1,0.0070910453796386,,lstm,2,200,140,6,True,False,False,"/home/reffert/ray_results/objectiveDeepAR_2023-06-06_17-50-30/objectiveDeepAR_e65fc_00089_89_cardinality=None,cell_type=lstm,context_length=2,epochs=200,num_cells=140,num_layers=6,use_feat_dyn_2023-06-07_02-24-40"
90,326.17067692040314,4210.266599655151,False,,,1,e65fc_00090,429705627efa4576bfd5806cc0f6b623,2023-06-07_03-35-09,1686101709,4210.266599655151,3314431,econ-stat-rr01,172.22.1.197,4210.266599655151,0,1,0.0055553913116455,,lstm,2,200,140,6,True,False,False,"/home/reffert/ray_results/objectiveDeepAR_2023-06-06_17-50-30/objectiveDeepAR_e65fc_00090_90_cardinality=None,cell_type=lstm,context_length=2,epochs=200,num_cells=140,num_layers=6,use_feat_dyn_2023-06-07_02-24-59"
91,351.9333550573514,4370.433652162552,False,,,1,e65fc_00091,d7074fd740704fdd8198f49b5e0cca84,2023-06-07_03-37-52,1686101872,4370.433652162552,3314186,econ-stat-rr01,172.22.1.197,4370.433652162552,0,1,0.0089218616485595,,lstm,2,200,140,6,True,False,False,"/home/reffert/ray_results/objectiveDeepAR_2023-06-06_17-50-30/objectiveDeepAR_e65fc_00091_91_cardinality=None,cell_type=lstm,context_length=2,epochs=200,num_cells=140,num_layers=6,use_feat_dyn_2023-06-07_02-25-02"
92,331.6058176920403,4446.700852632523,False,,,1,e65fc_00092,7ab7281a127441ef80c1d379850ae386,2023-06-07_03-39-27,1686101967,4446.700852632523,3313949,econ-stat-rr01,172.22.1.197,4446.700852632523,0,1,0.0194840431213378,,lstm,2,200,140,6,True,False,False,"/home/reffert/ray_results/objectiveDeepAR_2023-06-06_17-50-30/objectiveDeepAR_e65fc_00092_92_cardinality=None,cell_type=lstm,context_length=2,epochs=200,num_cells=140,num_layers=6,use_feat_dyn_2023-06-07_02-25-20"
93,315.604670663886,4405.569009065628,False,,,1,e65fc_00093,ad85e6276a5946acbcc169cc780b713f,2023-06-07_03-40-08,1686102008,4405.569009065628,3314069,econ-stat-rr01,172.22.1.197,4405.569009065628,0,1,0.0060739517211914,,lstm,2,200,140,6,True,False,False,"/home/reffert/ray_results/objectiveDeepAR_2023-06-06_17-50-30/objectiveDeepAR_e65fc_00093_93_cardinality=None,cell_type=lstm,context_length=2,epochs=200,num_cells=140,num_layers=6,use_feat_dyn_2023-06-07_02-26-43"
94,354.4853536670143,4424.1568920612335,False,,,1,e65fc_00094,7b37a15c2ff2475faaac11499109bc48,2023-06-07_03-42-27,1686102147,4424.1568920612335,3313546,econ-stat-rr01,172.22.1.197,4424.1568920612335,0,1,0.0060465335845947,,lstm,2,200,140,6,True,False,False,"/home/reffert/ray_results/objectiveDeepAR_2023-06-06_17-50-30/objectiveDeepAR_e65fc_00094_94_cardinality=None,cell_type=lstm,context_length=2,epochs=200,num_cells=140,num_layers=6,use_feat_dyn_2023-06-07_02-28-43"
95,320.1070342370525,4388.772126197815,False,,,1,e65fc_00095,acaf83fb83ee4a228a9a180b1fc3a0b2,2023-06-07_03-47-36,1686102456,4388.772126197815,3314427,econ-stat-rr01,172.22.1.197,4388.772126197815,0,1,0.0061564445495605,,lstm,2,200,140,6,True,False,False,"/home/reffert/ray_results/objectiveDeepAR_2023-06-06_17-50-30/objectiveDeepAR_e65fc_00095_95_cardinality=None,cell_type=lstm,context_length=2,epochs=200,num_cells=140,num_layers=6,use_feat_dyn_2023-06-07_02-34-28"
96,333.04374348279464,4322.854401111603,False,,,1,e65fc_00096,1451b80d767149ff9ebc40053106a2fd,2023-06-07_04-43-02,1686105782,4322.854401111603,3314437,econ-stat-rr01,172.22.1.197,4322.854401111603,0,1,0.0060877799987792,,lstm,2,200,140,6,True,False,False,"/home/reffert/ray_results/objectiveDeepAR_2023-06-06_17-50-30/objectiveDeepAR_e65fc_00096_96_cardinality=None,cell_type=lstm,context_length=2,epochs=200,num_cells=140,num_layers=6,use_feat_dyn_2023-06-07_03-30-59"
97,361.3882690302398,4340.495713949204,False,,,1,e65fc_00097,5042fcdbf7e54514977b28754c301cd6,2023-06-07_04-45-26,1686105926,4340.495713949204,3314304,econ-stat-rr01,172.22.1.197,4340.495713949204,0,1,0.0070803165435791,,lstm,2,200,140,6,True,False,False,"/home/reffert/ray_results/objectiveDeepAR_2023-06-06_17-50-30/objectiveDeepAR_e65fc_00097_97_cardinality=None,cell_type=lstm,context_length=2,epochs=200,num_cells=140,num_layers=6,use_feat_dyn_2023-06-07_03-33-05"
98,336.8396897810219,4322.301553487778,False,,,1,e65fc_00098,39edf6961b404252afca0116b62d0c3f,2023-06-07_04-45-14,1686105914,4322.301553487778,3314439,econ-stat-rr01,172.22.1.197,4322.301553487778,0,1,0.0065169334411621,,lstm,2,200,140,6,True,False,False,"/home/reffert/ray_results/objectiveDeepAR_2023-06-06_17-50-30/objectiveDeepAR_e65fc_00098_98_cardinality=None,cell_type=lstm,context_length=2,epochs=200,num_cells=140,num_layers=6,use_feat_dyn_2023-06-07_03-33-12"
99,321.40369742787624,4290.888018131256,False,,,1,e65fc_00099,5c0f8bbc47cc4cd29b1cf6d4075200fb,2023-06-07_04-45-09,1686105909,4290.888018131256,3314435,econ-stat-rr01,172.22.1.197,4290.888018131256,0,1,0.0067512989044189,,lstm,2,200,140,6,True,False,False,"/home/reffert/ray_results/objectiveDeepAR_2023-06-06_17-50-30/objectiveDeepAR_e65fc_00099_99_cardinality=None,cell_type=lstm,context_length=2,epochs=200,num_cells=140,num_layers=6,use_feat_dyn_2023-06-07_03-33-38"
